{"cameraMode":{"drawMode":0,"name":"Shaded","section":"Shading Mode"},"sceneLighting":false,"audioPlay":false,"sceneViewState":{"m_AlwaysRefresh":false,"showFog":true,"showSkybox":false,"showFlares":true,"showImageEffects":true,"showParticleSystems":true,"showVisualEffectGraphs":true,"m_FxEnabled":true},"in2DMode":false,"pivot":{"x":-0.18454860150814057,"y":1.1887327432632447,"z":-73.94440460205078},"rotation":{"x":0.14511960744857789,"y":0.25798165798187258,"z":-0.0392274335026741,"w":0.9543951749801636},"size":2.0837008953094484,"orthographic":false}